{
  "Dutch": {
    "freqs": {
      "a": 0.07490000000000001, 
      "b": 0.0158, 
      "c": 0.0124, 
      "d": 0.0593, 
      "e": 0.1891, 
      "f": 0.008100000000000001, 
      "g": 0.034, 
      "h": 0.023799999999999998, 
      "i": 0.065, 
      "j": 0.0146, 
      "k": 0.0225, 
      "l": 0.035699999999999996, 
      "m": 0.022099999999999998, 
      "n": 0.1003, 
      "o": 0.060599999999999994, 
      "p": 0.015700000000000002, 
      "q": 8.999999999999999e-05, 
      "r": 0.0641, 
      "s": 0.0373, 
      "t": 0.0679, 
      "u": 0.0199, 
      "v": 0.0285, 
      "w": 0.0152, 
      "x": 0.0004, 
      "y": 0.00035000000000000005, 
      "z": 0.0139, 
      "\u00e0": "a", 
      "\u00e4": "a", 
      "\u00e8": "e", 
      "\u00e9": "e", 
      "\u00eb": "e", 
      "\u00ec": "i", 
      "\u00ef": "i", 
      "\u00f2": "o", 
      "\u00f3": "o", 
      "\u00f6": "o", 
      "\u00f9": "u", 
      "\u00fc": "u"
    },
    "num_of_symb": 30,
    "num_of_chars": 30
  }, 
  "English": {
    "freqs": {
      "a": 0.08167, 
      "b": 0.014292, 
      "c": 0.02782, 
      "d": 0.04253, 
      "e": 0.12702, 
      "f": 0.02228, 
      "g": 0.02015, 
      "h": 0.06094, 
      "i": 0.06966, 
      "j": 0.00153, 
      "k": 0.00772, 
      "l": 0.04025, 
      "m": 0.02406, 
      "n": 0.06749, 
      "o": 0.07507, 
      "p": 0.01929, 
      "q": 0.00095, 
      "r": 0.05987, 
      "s": 0.06327, 
      "t": 0.09056, 
      "u": 0.02758, 
      "v": 0.00978, 
      "w": 0.0236, 
      "x": 0.0015, 
      "y": 0.01974, 
      "z": 0.00074
    }, 
    "kappa_IC": 1.73,
    "num_of_symb": 26,
    "num_of_chars": 26
  }, 
  "Esperanto": {
    "freqs": {
      "a": 0.12119999999999999, 
      "b": 0.0098, 
      "c": 0.0078000000000000005, 
      "d": 0.0304, 
      "e": 0.08990000000000001, 
      "f": 0.0103, 
      "g": 0.011699999999999999, 
      "h": 0.0038, 
      "i": 0.1001, 
      "j": 0.035, 
      "k": 0.0416, 
      "l": 0.061399999999999996, 
      "m": 0.029900000000000003, 
      "n": 0.0796, 
      "o": 0.08779999999999999, 
      "p": 0.0274, 
      "r": 0.0591, 
      "s": 0.060899999999999996, 
      "t": 0.0527, 
      "u": 0.0318, 
      "v": 0.019, 
      "z": 0.005, 
      "\u0109": 0.0066, 
      "\u011d": 0.0069, 
      "\u0125": 0.0002, 
      "\u0135": 0.0012, 
      "\u015d": 0.0038, 
      "\u016d": 0.0052
    }
  }, 
  "French": {
    "freqs": {
      "a": 0.07636, 
      "b": 0.00901, 
      "c": 0.0326, 
      "d": 0.03669, 
      "e": 0.14715, 
      "f": 0.010660000000000001, 
      "g": 0.00866, 
      "h": 0.00737, 
      "i": 0.07529, 
      "j": 0.00545, 
      "k": 0.00049, 
      "l": 0.054560000000000004, 
      "m": 0.029679999999999998, 
      "n": 0.07095, 
      "o": 0.05378, 
      "p": 0.03021, 
      "q": 0.01362, 
      "r": 0.06553, 
      "s": 0.07948000000000001, 
      "t": 0.07244, 
      "u": 0.06311, 
      "v": 0.01628, 
      "w": 0.00114, 
      "x": 0.00387, 
      "y": 0.00308, 
      "z": 0.00136, 
      "\u00e0": 0.00486, 
      "\u00e7": 0.0008500000000000001, 
      "\u00e8": 0.00271, 
      "\u00e9": 0.019039999999999998, 
      "\u00ea": 0.0022500000000000003, 
      "\u00eb": 1e-05, 
      "\u00ee": 0.00045, 
      "\u00ef": 5e-05, 
      "\u00f9": 0.00058, 
      "\u0153": 0.00017999999999999998
    }, 
    "kappa_IC": 2.02,
    "num_of_symb": 26,
    "num_of_chars": 43
  }, 
  "German": {
    "freqs": {
      "a": 0.06509999999999999, 
      "b": 0.0189, 
      "c": 0.030600000000000002, 
      "d": 0.0508, 
      "e": 0.174, 
      "f": 0.0166, 
      "g": 0.0301, 
      "h": 0.047599999999999996, 
      "i": 0.0755, 
      "j": 0.0027, 
      "k": 0.0121, 
      "l": 0.0344, 
      "m": 0.0253, 
      "n": 0.0978, 
      "o": 0.025099999999999997, 
      "p": 0.0079, 
      "q": 0.0002, 
      "r": 0.07, 
      "s": 0.0727, 
      "t": 0.061500000000000006, 
      "u": 0.0435, 
      "v": 0.0067, 
      "w": 0.0189, 
      "x": 0.0003, 
      "y": 0.0004, 
      "z": 0.0113, 
      "\u00df": 0.0031
    }, 
    "kappa_IC": 2.05,
    "num_of_symb": 30,
    "num_of_chars": 30
  }, 
  "Italian": {
    "freqs": {
      "a": 0.1174, 
      "b": 0.0092, 
      "c": 0.045, 
      "d": 0.0373, 
      "e": 0.11789999999999999, 
      "f": 0.0095, 
      "g": 0.016399999999999998, 
      "h": 0.0154, 
      "i": 0.1128, 
      "l": 0.06509999999999999, 
      "m": 0.025099999999999997, 
      "n": 0.0688, 
      "o": 0.0983, 
      "p": 0.0305, 
      "q": 0.0051, 
      "r": 0.0637, 
      "s": 0.049800000000000004, 
      "t": 0.0562, 
      "u": 0.0301, 
      "v": 0.021, 
      "z": 0.0049, 
      "\u00e0": "a", 
      "\u00e8": "e", 
      "\u00e9": "e", 
      "\u00ec": "i", 
      "\u00f2": "o", 
      "\u00f9": "u"
    }, 
    "kappa_IC": 1.94,
    "num_of_symb": 26,
    "num_of_chars": 36
  }, 
  "Polish": {
    "freqs": {
      "a": 0.08, 
      "b": 0.013000000000000001, 
      "c": 0.038, 
      "d": 0.03, 
      "e": 0.069, 
      "f": 0.001, 
      "g": 0.01, 
      "h": 0.01, 
      "i": 0.07, 
      "j": 0.019, 
      "k": 0.027000000000000003, 
      "l": 0.031, 
      "m": 0.024, 
      "n": 0.047, 
      "o": 0.071, 
      "p": 0.024, 
      "r": 0.035, 
      "s": 0.038, 
      "t": 0.024, 
      "u": 0.018000000000000002, 
      "w": 0.036000000000000004, 
      "y": 0.032, 
      "z": 0.051, 
      "\u00f3": "o", 
      "\u0105": "a", 
      "\u0107": "c", 
      "\u0119": "e", 
      "\u0142": "l", 
      "\u0144": "n", 
      "\u015b": "s", 
      "\u017a": "z", 
      "\u017c": 0.006999999999999999
    }
  }, 
  "Portuguese": {
    "freqs": {
      "a": 0.1463, 
      "b": 0.0104, 
      "c": 0.0388, 
      "d": 0.0499, 
      "e": 0.1257, 
      "f": 0.0102, 
      "g": 0.013000000000000001, 
      "h": 0.0128, 
      "i": 0.061799999999999994, 
      "j": 0.004, 
      "k": 0.0002, 
      "l": 0.0278, 
      "m": 0.047400000000000005, 
      "n": 0.050499999999999996, 
      "o": 0.1073, 
      "p": 0.0252, 
      "q": 0.012, 
      "r": 0.0653, 
      "s": 0.0781, 
      "t": 0.047400000000000005, 
      "u": 0.0463, 
      "v": 0.0167, 
      "w": 0.0001, 
      "x": 0.0021, 
      "y": 0.0001, 
      "z": 0.004699999999999999, 
      "\u00e0": "a", 
      "\u00e7": "c", 
      "\u00e9": "e", 
      "\u00ea": "e", 
      "\u00f3": "o"
    }, 
    "kappa_IC": 1.94
  }, 
  "Spanish": {
    "freqs": {
      "a": 0.1253, 
      "b": 0.014199999999999999, 
      "c": 0.046799999999999994, 
      "d": 0.058600000000000006, 
      "e": 0.1368, 
      "f": 0.0069, 
      "g": 0.0101, 
      "h": 0.006999999999999999, 
      "i": 0.0625, 
      "j": 0.0044, 
      "k": 0.0001, 
      "l": 0.049699999999999994, 
      "m": 0.0315, 
      "n": 0.06709999999999999, 
      "o": 0.0868, 
      "p": 0.025099999999999997, 
      "q": 0.0088, 
      "r": 0.0687, 
      "s": 0.07980000000000001, 
      "t": 0.0463, 
      "u": 0.0393, 
      "v": 0.009000000000000001, 
      "w": 0.0002, 
      "x": 0.0022, 
      "y": 0.009000000000000001, 
      "z": 0.0052, 
      "\u00f1": 0.0031
    }, 
    "kappa_IC": 1.94,
    "num_of_symb": 27,
    "num_of_chars": 33
  }, 
  "Swedish": {
    "freqs": {
      "a": 0.09300000000000001, 
      "b": 0.013000000000000001, 
      "c": 0.013000000000000001, 
      "d": 0.045, 
      "e": 0.099, 
      "f": 0.02, 
      "g": 0.033, 
      "h": 0.021, 
      "i": 0.051, 
      "j": 0.006999999999999999, 
      "k": 0.032, 
      "l": 0.052000000000000005, 
      "m": 0.035, 
      "n": 0.08800000000000001, 
      "o": 0.040999999999999995, 
      "p": 0.017, 
      "q": 7.000000000000001e-05, 
      "r": 0.083, 
      "s": 0.063, 
      "t": 0.087, 
      "u": 0.018000000000000002, 
      "v": 0.024, 
      "w": 0.0003, 
      "x": 0.001, 
      "y": 0.006, 
      "z": 0.0002, 
      "\u00e4": 0.021, 
      "\u00e5": 0.016, 
      "\u00f6": 0.015
    }
  }, 
  "Toki Pona": {
    "freqs": {
      "a": 0.172, 
      "e": 0.07400000000000001,